{
  "config": "output_eval_SPS2023allPos800V_100GeV_100_0_1_-1.0_sqrt_baseline",
  "mu_x": [
    0.02812974936828449
  ],
  "mu_err_x": [
    0.010929675900428879
  ],
  "sigma_x": [
    1.559640250686672
  ],
  "sigma_err_x": [
    0.010419707988297389
  ],
  "mu_x_baseline": [
    0.133595437464994
  ],
  "mu_err_x_baseline": [
    0.012378017674285443
  ],
  "sigma_x_baseline": [
    1.5657036018833959
  ],
  "sigma_err_x_baseline": [
    0.01167890127040383
  ],
  "mu_x_baselineX": [
    0.13781046572698147
  ],
  "mu_err_x_baselineX": [
    0.011856202621092141
  ],
  "sigma_x_baselineX": [
    1.5774042015013063
  ],
  "sigma_err_x_baselineX": [
    0.011145379414589152
  ],
  "mu_x_reduced": [
    -0.012048725336111801
  ],
  "mu_err_x_reduced": [
    0.019245116668566355
  ],
  "sigma_x_reduced": [
    1.4750435435840155
  ],
  "sigma_err_x_reduced": [
    0.018019773487196633
  ],
  "mu_x_reducedX": [
    -0.11576512712115332
  ],
  "mu_err_x_reducedX": [
    0.013829728365952247
  ],
  "sigma_x_reducedX": [
    1.4974827551290046
  ],
  "sigma_err_x_reducedX": [
    0.013220492665005579
  ],
  "mu_y": [
    0.13434510130321828
  ],
  "mu_err_y": [
    0.010653387101518298
  ],
  "sigma_y": [
    1.6760663923731292
  ],
  "sigma_err_y": [
    0.010965424281373037
  ],
  "mu_y_baseline": [
    0.08069815604313146
  ],
  "mu_err_y_baseline": [
    0.011997306771705267
  ],
  "sigma_y_baseline": [
    1.6581400140864235
  ],
  "sigma_err_y_baseline": [
    0.012405863410546059
  ],
  "mu_y_baseliney": [
    0.06860671938319086
  ],
  "mu_err_y_baseliney": [
    0.010928666792144047
  ],
  "sigma_y_baseliney": [
    1.6685437486023016
  ],
  "sigma_err_y_baseliney": [
    0.011252938851878835
  ],
  "mu_y_reduced": [
    0.3350555116303483
  ],
  "mu_err_y_reduced": [
    0.020001950150450636
  ],
  "sigma_y_reduced": [
    1.615663670913245
  ],
  "sigma_err_y_reduced": [
    0.019822334877613756
  ],
  "mu_y_reducedy": [
    0.2995043496575638
  ],
  "mu_err_y_reducedy": [
    0.013719031645814235
  ],
  "sigma_y_reducedy": [
    1.5885813007678753
  ],
  "sigma_err_y_reducedy": [
    0.013935735078018707
  ]
}