{
  "config": "output_eval_SPS2023allPos825V_80GeV_100_0_1_-1.0_sqrt_baseline",
  "mu_x": [
    0.039084362900818036
  ],
  "mu_err_x": [
    0.021857135750113946
  ],
  "sigma_x": [
    1.9623709244254617
  ],
  "sigma_err_x": [
    0.022169059899330046
  ],
  "mu_x_baseline": [
    0.18908762415888863
  ],
  "mu_err_x_baseline": [
    0.024273224324692998
  ],
  "sigma_x_baseline": [
    1.9390231836680605
  ],
  "sigma_err_x_baseline": [
    0.02416438660409881
  ],
  "mu_x_baselineX": [
    0.19143466420503957
  ],
  "mu_err_x_baselineX": [
    0.02364074235147785
  ],
  "sigma_x_baselineX": [
    1.9787670265489734
  ],
  "sigma_err_x_baselineX": [
    0.023554483492787104
  ],
  "mu_x_reduced": [
    0.024235059158148702
  ],
  "mu_err_x_reduced": [
    0.04005404136715226
  ],
  "sigma_x_reduced": [
    1.8723367748078956
  ],
  "sigma_err_x_reduced": [
    0.039852331603190905
  ],
  "mu_x_reducedX": [
    -0.16804552566004688
  ],
  "mu_err_x_reducedX": [
    0.027824254218966685
  ],
  "sigma_x_reducedX": [
    1.8701247558016876
  ],
  "sigma_err_x_reducedX": [
    0.027376185634483408
  ],
  "mu_y": [
    0.09334407976613901
  ],
  "mu_err_y": [
    0.021475688858236003
  ],
  "sigma_y": [
    2.216608975187152
  ],
  "sigma_err_y": [
    0.022296002834098827
  ],
  "mu_y_baseline": [
    0.0036035166695037304
  ],
  "mu_err_y_baseline": [
    0.02414413222574091
  ],
  "sigma_y_baseline": [
    2.174989421606889
  ],
  "sigma_err_y_baseline": [
    0.02500695240915829
  ],
  "mu_y_baseliney": [
    0.015476947651492516
  ],
  "mu_err_y_baseliney": [
    0.021951184740388343
  ],
  "sigma_y_baseliney": [
    2.205017909551785
  ],
  "sigma_err_y_baseliney": [
    0.022748355416316146
  ],
  "mu_y_reduced": [
    0.4238579065302921
  ],
  "mu_err_y_reduced": [
    0.04098026105198011
  ],
  "sigma_y_reduced": [
    2.1327262100362088
  ],
  "sigma_err_y_reduced": [
    0.0380784102554903
  ],
  "mu_y_reducedy": [
    0.37659990982923025
  ],
  "mu_err_y_reducedy": [
    0.028502430995697655
  ],
  "sigma_y_reducedy": [
    2.1102442105421746
  ],
  "sigma_err_y_reducedy": [
    0.02744319201624279
  ]
}