{
  "config": "output_eval_SPS2023allPos800V_60GeV_100_0_1_-1.0_sqrt_baseline",
  "mu_x": [
    0.08198275935568283
  ],
  "mu_err_x": [
    0.025524220494512976
  ],
  "sigma_x": [
    1.9194402682950888
  ],
  "sigma_err_x": [
    0.02526691008894577
  ],
  "mu_x_baseline": [
    0.2376642256751592
  ],
  "mu_err_x_baseline": [
    0.028158984395623216
  ],
  "sigma_x_baseline": [
    1.8985126901934042
  ],
  "sigma_err_x_baseline": [
    0.027176528911735165
  ],
  "mu_x_baselineX": [
    0.2250452864727433
  ],
  "mu_err_x_baselineX": [
    0.027224258832164592
  ],
  "sigma_x_baselineX": [
    1.9186177322384101
  ],
  "sigma_err_x_baselineX": [
    0.026142644079503508
  ],
  "mu_x_reduced": [
    0.07740066765645781
  ],
  "mu_err_x_reduced": [
    0.0458134071860477
  ],
  "sigma_x_reduced": [
    1.8325068326761076
  ],
  "sigma_err_x_reduced": [
    0.042127615989550726
  ],
  "mu_x_reducedX": [
    -0.034787539224855474
  ],
  "mu_err_x_reducedX": [
    0.032317938006883914
  ],
  "sigma_x_reducedX": [
    1.8526047918252642
  ],
  "sigma_err_x_reducedX": [
    0.03054900543238459
  ],
  "mu_y": [
    0.07737825113603404
  ],
  "mu_err_y": [
    0.024585487818863366
  ],
  "sigma_y": [
    2.1140206452952874
  ],
  "sigma_err_y": [
    0.025368152886867446
  ],
  "mu_y_baseline": [
    0.025937812929181746
  ],
  "mu_err_y_baseline": [
    0.028196330002679494
  ],
  "sigma_y_baseline": [
    2.111075447575588
  ],
  "sigma_err_y_baseline": [
    0.029476496047753376
  ],
  "mu_y_baseliney": [
    -0.008504476904809356
  ],
  "mu_err_y_baseliney": [
    0.024998467924186252
  ],
  "sigma_y_baseliney": [
    2.089233035598034
  ],
  "sigma_err_y_baseliney": [
    0.02607628131921924
  ],
  "mu_y_reduced": [
    0.46921342553198414
  ],
  "mu_err_y_reduced": [
    0.047619718083636915
  ],
  "sigma_y_reduced": [
    2.026029074329012
  ],
  "sigma_err_y_reduced": [
    0.04173107505271545
  ],
  "mu_y_reducedy": [
    0.35884162358144794
  ],
  "mu_err_y_reducedy": [
    0.03328650553249741
  ],
  "sigma_y_reducedy": [
    2.0156511785748346
  ],
  "sigma_err_y_reducedy": [
    0.03159175509838652
  ]
}