{
  "config": "output_eval_SPS2023allPos825V_100GeV_100_0_1_-1.0_sqrt_baseline",
  "mu_x": [
    0.043794073569314196
  ],
  "mu_err_x": [
    0.01628991191361452
  ],
  "sigma_x": [
    1.7316483314576285
  ],
  "sigma_err_x": [
    0.016528916383726666
  ],
  "mu_x_baseline": [
    0.16673668177240356
  ],
  "mu_err_x_baseline": [
    0.018001519038782353
  ],
  "sigma_x_baseline": [
    1.7219200794988754
  ],
  "sigma_err_x_baseline": [
    0.01812746745382454
  ],
  "mu_x_baselineX": [
    0.1611002335647813
  ],
  "mu_err_x_baselineX": [
    0.01755279076442372
  ],
  "sigma_x_baselineX": [
    1.74703066143493
  ],
  "sigma_err_x_baselineX": [
    0.017625280323813497
  ],
  "mu_x_reduced": [
    -0.023998130466680888
  ],
  "mu_err_x_reduced": [
    0.02657845676108606
  ],
  "sigma_x_reduced": [
    1.5622697850887888
  ],
  "sigma_err_x_reduced": [
    0.026211240018877646
  ],
  "mu_x_reducedX": [
    -0.13969497184021165
  ],
  "mu_err_x_reducedX": [
    0.020197152725511505
  ],
  "sigma_x_reducedX": [
    1.6299650232791454
  ],
  "sigma_err_x_reducedX": [
    0.020588048524020075
  ],
  "mu_y": [
    0.09778157719356559
  ],
  "mu_err_y": [
    0.0156657999324599
  ],
  "sigma_y": [
    1.8948302550020575
  ],
  "sigma_err_y": [
    0.016272020257492414
  ],
  "mu_y_baseline": [
    0.015601151334958575
  ],
  "mu_err_y_baseline": [
    0.017728195895186295
  ],
  "sigma_y_baseline": [
    1.9005370222497442
  ],
  "sigma_err_y_baseline": [
    0.0181080808629418
  ],
  "mu_y_baseliney": [
    0.02971019519947877
  ],
  "mu_err_y_baseliney": [
    0.016038135274973345
  ],
  "sigma_y_baseliney": [
    1.88995287018126
  ],
  "sigma_err_y_baseliney": [
    0.016676888548578073
  ],
  "mu_y_reduced": [
    0.27019440865487837
  ],
  "mu_err_y_reduced": [
    0.0271161982592043
  ],
  "sigma_y_reduced": [
    1.8023952904861462
  ],
  "sigma_err_y_reduced": [
    0.027424520759038673
  ],
  "mu_y_reducedy": [
    0.2507204654098134
  ],
  "mu_err_y_reducedy": [
    0.019606224665717535
  ],
  "sigma_y_reducedy": [
    1.7740365386354195
  ],
  "sigma_err_y_reducedy": [
    0.020145806005106293
  ]
}