{
  "config": "output_eval_SPS2023allPos825V_40GeV_100_0_1_-1.0_sqrt_baseline",
  "mu_x": [
    -0.021299971030990055
  ],
  "mu_err_x": [
    0.03253606704756507
  ],
  "sigma_x": [
    2.1004885391500907
  ],
  "sigma_err_x": [
    0.030803202800738783
  ],
  "mu_x_baseline": [
    0.163732237700997
  ],
  "mu_err_x_baseline": [
    0.03661215368767368
  ],
  "sigma_x_baseline": [
    2.1352704859379696
  ],
  "sigma_err_x_baseline": [
    0.035121118570302645
  ],
  "mu_x_baselineX": [
    0.1600875005281562
  ],
  "mu_err_x_baselineX": [
    0.035300097242880635
  ],
  "sigma_x_baselineX": [
    2.1330111746394125
  ],
  "sigma_err_x_baselineX": [
    0.033602721826725634
  ],
  "mu_x_reduced": [
    -0.2972640594963817
  ],
  "mu_err_x_reduced": [
    0.06405522983041492
  ],
  "sigma_x_reduced": [
    2.1171718499263155
  ],
  "sigma_err_x_reduced": [
    0.058519763273961134
  ],
  "mu_x_reducedX": [
    -0.2589045400468169
  ],
  "mu_err_x_reducedX": [
    0.042084368066691955
  ],
  "sigma_x_reducedX": [
    2.0319072274055325
  ],
  "sigma_err_x_reducedX": [
    0.03788860837375807
  ],
  "mu_y": [
    0.09709289771431881
  ],
  "mu_err_y": [
    0.031943062042072416
  ],
  "sigma_y": [
    2.398842677706509
  ],
  "sigma_err_y": [
    0.02987355840520145
  ],
  "mu_y_baseline": [
    0.0905444553867168
  ],
  "mu_err_y_baseline": [
    0.03668365439805046
  ],
  "sigma_y_baseline": [
    2.3720104377402054
  ],
  "sigma_err_y_baseline": [
    0.033878071148355726
  ],
  "mu_y_baseliney": [
    0.02808910100066067
  ],
  "mu_err_y_baseliney": [
    0.03255962163511907
  ],
  "sigma_y_baseliney": [
    2.3893692808360067
  ],
  "sigma_err_y_baseliney": [
    0.03027174258854659
  ],
  "mu_y_reduced": [
    0.7158686059330586
  ],
  "mu_err_y_reduced": [
    0.06037676696666268
  ],
  "sigma_y_reduced": [
    2.262183485910897
  ],
  "sigma_err_y_reduced": [
    0.04542022240999244
  ],
  "mu_y_reducedy": [
    0.53856399605552
  ],
  "mu_err_y_reducedy": [
    0.041147793945869995
  ],
  "sigma_y_reducedy": [
    2.322153209321292
  ],
  "sigma_err_y_reducedy": [
    0.03473087958113297
  ]
}