{
  "config": "output_eval_SPS2023allPos800V_80GeV_100_0_1_-1.0_sqrt_baseline",
  "mu_x": [
    0.0883562293110367
  ],
  "mu_err_x": [
    0.0208655336016167
  ],
  "sigma_x": [
    1.8047456754632611
  ],
  "sigma_err_x": [
    0.020578131335278194
  ],
  "mu_x_baseline": [
    0.2356804232739289
  ],
  "mu_err_x_baseline": [
    0.023453460988903403
  ],
  "sigma_x_baseline": [
    1.8076793108098914
  ],
  "sigma_err_x_baseline": [
    0.022598227002444737
  ],
  "mu_x_baselineX": [
    0.22705870387623295
  ],
  "mu_err_x_baselineX": [
    0.02268983995624276
  ],
  "sigma_x_baselineX": [
    1.829626215647333
  ],
  "sigma_err_x_baselineX": [
    0.021944123659470405
  ],
  "mu_x_reduced": [
    0.06019288406953806
  ],
  "mu_err_x_reduced": [
    0.03646387088265341
  ],
  "sigma_x_reduced": [
    1.6616938763491482
  ],
  "sigma_err_x_reduced": [
    0.03490383891528981
  ],
  "mu_x_reducedX": [
    -0.05776867153792473
  ],
  "mu_err_x_reducedX": [
    0.0267841649126418
  ],
  "sigma_x_reducedX": [
    1.7551445750427284
  ],
  "sigma_err_x_reducedX": [
    0.025413020688969445
  ],
  "mu_y": [
    0.11498502945516402
  ],
  "mu_err_y": [
    0.019782781253674483
  ],
  "sigma_y": [
    1.9353387259894164
  ],
  "sigma_err_y": [
    0.01992518983944891
  ],
  "mu_y_baseline": [
    0.05765653302112362
  ],
  "mu_err_y_baseline": [
    0.022649006581266392
  ],
  "sigma_y_baseline": [
    1.9462333516113497
  ],
  "sigma_err_y_baseline": [
    0.02323180407200698
  ],
  "mu_y_baseliney": [
    0.04828601522113305
  ],
  "mu_err_y_baseliney": [
    0.02031247024826816
  ],
  "sigma_y_baseliney": [
    1.9328421969188332
  ],
  "sigma_err_y_baseliney": [
    0.020652015326572126
  ],
  "mu_y_reduced": [
    0.48934779777433757
  ],
  "mu_err_y_reduced": [
    0.03914998539567159
  ],
  "sigma_y_reduced": [
    1.916754555692063
  ],
  "sigma_err_y_reduced": [
    0.03486531018810479
  ],
  "mu_y_reducedy": [
    0.36947624525195183
  ],
  "mu_err_y_reducedy": [
    0.02609295728022355
  ],
  "sigma_y_reducedy": [
    1.8525760928246606
  ],
  "sigma_err_y_reducedy": [
    0.025146578924406637
  ]
}