{
  "config": "output_eval_SPS2023allPos825V_20GeV_100_0_1_-1.0_sqrt_baseline",
  "mu_x": [
    0.07050203488539525
  ],
  "mu_err_x": [
    0.05162476676895536
  ],
  "sigma_x": [
    2.3708614574441262
  ],
  "sigma_err_x": [
    0.046490047181833916
  ],
  "mu_x_baseline": [
    0.20885004796685275
  ],
  "mu_err_x_baseline": [
    0.055867153598743786
  ],
  "sigma_x_baseline": [
    2.3628363292222723
  ],
  "sigma_err_x_baseline": [
    0.04937021405233177
  ],
  "mu_x_baselineX": [
    0.20626829914181197
  ],
  "mu_err_x_baselineX": [
    0.054381051738368734
  ],
  "sigma_x_baselineX": [
    2.3928440410307883
  ],
  "sigma_err_x_baselineX": [
    0.04779357787240568
  ],
  "mu_x_reduced": [
    -0.05802041059442005
  ],
  "mu_err_x_reduced": [
    0.09756300293986332
  ],
  "sigma_x_reduced": [
    2.4386273253279462
  ],
  "sigma_err_x_reduced": [
    0.08133957417079318
  ],
  "mu_x_reducedX": [
    -0.10740040252122221
  ],
  "mu_err_x_reducedX": [
    0.06951343121897442
  ],
  "sigma_x_reducedX": [
    2.4119779328721656
  ],
  "sigma_err_x_reducedX": [
    0.0589751695840941
  ],
  "mu_y": [
    0.15023959554438537
  ],
  "mu_err_y": [
    0.045310162511213184
  ],
  "sigma_y": [
    2.4676269475915373
  ],
  "sigma_err_y": [
    0.04010405371052461
  ],
  "mu_y_baseline": [
    0.07972037916782442
  ],
  "mu_err_y_baseline": [
    0.050384500093453466
  ],
  "sigma_y_baseline": [
    2.4589081822104006
  ],
  "sigma_err_y_baseline": [
    0.04338073677373844
  ],
  "mu_y_baseliney": [
    0.07865485456538528
  ],
  "mu_err_y_baseliney": [
    0.04574316301555813
  ],
  "sigma_y_baseliney": [
    2.4435990905708374
  ],
  "sigma_err_y_baseliney": [
    0.039915280442430534
  ],
  "mu_y_reduced": [
    0.6966812655626121
  ],
  "mu_err_y_reduced": [
    0.08067946783929514
  ],
  "sigma_y_reduced": [
    2.361466580102359
  ],
  "sigma_err_y_reduced": [
    0.06494816589455499
  ],
  "mu_y_reducedy": [
    0.63105731929359
  ],
  "mu_err_y_reducedy": [
    0.05687380730627274
  ],
  "sigma_y_reducedy": [
    2.3350694349186076
  ],
  "sigma_err_y_reducedy": [
    0.046413962871104886
  ]
}