{
  "config": "output_eval_SPS2023allPos800V_40GeV_100_0_1_-1.0_sqrt_baseline",
  "mu_x": [
    -0.08857018903462081
  ],
  "mu_err_x": [
    0.0358026542062864
  ],
  "sigma_x": [
    2.1240527735936157
  ],
  "sigma_err_x": [
    0.03195626585082745
  ],
  "mu_x_baseline": [
    0.06458857696631626
  ],
  "mu_err_x_baseline": [
    0.04025857785801253
  ],
  "sigma_x_baseline": [
    2.1563863383833834
  ],
  "sigma_err_x_baseline": [
    0.033972448226393226
  ],
  "mu_x_baselineX": [
    0.047261543397225554
  ],
  "mu_err_x_baselineX": [
    0.038877651449814664
  ],
  "sigma_x_baselineX": [
    2.167102173576799
  ],
  "sigma_err_x_baselineX": [
    0.033458041371514424
  ],
  "mu_x_reduced": [
    -0.2109905867275844
  ],
  "mu_err_x_reduced": [
    0.06302762844027286
  ],
  "sigma_x_reduced": [
    1.9788915523376516
  ],
  "sigma_err_x_reduced": [
    0.053036182797603026
  ],
  "mu_x_reducedX": [
    -0.3059805372212653
  ],
  "mu_err_x_reducedX": [
    0.04446334485181016
  ],
  "sigma_x_reducedX": [
    2.0360847862078946
  ],
  "sigma_err_x_reducedX": [
    0.03695528710470064
  ],
  "mu_y": [
    0.13799760863652194
  ],
  "mu_err_y": [
    0.03448122076944496
  ],
  "sigma_y": [
    2.358397582218759
  ],
  "sigma_err_y": [
    0.03305349786277145
  ],
  "mu_y_baseline": [
    0.11695506493365959
  ],
  "mu_err_y_baseline": [
    0.038334688721705645
  ],
  "sigma_y_baseline": [
    2.3011433913500845
  ],
  "sigma_err_y_baseline": [
    0.03713093768193043
  ],
  "mu_y_baseliney": [
    0.0514813589797688
  ],
  "mu_err_y_baseliney": [
    0.035165514454016694
  ],
  "sigma_y_baseliney": [
    2.349166910376636
  ],
  "sigma_err_y_baseliney": [
    0.03355885051320362
  ],
  "mu_y_reduced": [
    0.5980485040794945
  ],
  "mu_err_y_reduced": [
    0.06409234363259417
  ],
  "sigma_y_reduced": [
    2.2649002942329806
  ],
  "sigma_err_y_reduced": [
    0.05895146450300337
  ],
  "mu_y_reducedy": [
    0.5215699218003772
  ],
  "mu_err_y_reducedy": [
    0.043828813925349895
  ],
  "sigma_y_reducedy": [
    2.2556484561758086
  ],
  "sigma_err_y_reducedy": [
    0.04042663694273996
  ]
}