{
  "config": "output_eval_SPS2023allPos825V_60GeV_100_0_1_-1.0_sqrt_baseline",
  "mu_x": [
    0.017971130345845666
  ],
  "mu_err_x": [
    0.026430674768355672
  ],
  "sigma_x": [
    2.0180506255622777
  ],
  "sigma_err_x": [
    0.026591782189842372
  ],
  "mu_x_baseline": [
    0.16772007486139745
  ],
  "mu_err_x_baseline": [
    0.029372999383094393
  ],
  "sigma_x_baseline": [
    2.006346278296535
  ],
  "sigma_err_x_baseline": [
    0.028791589504316928
  ],
  "mu_x_baselineX": [
    0.1781152292638312
  ],
  "mu_err_x_baselineX": [
    0.028524212067585403
  ],
  "sigma_x_baselineX": [
    2.0279177434581723
  ],
  "sigma_err_x_baselineX": [
    0.02827875471423924
  ],
  "mu_x_reduced": [
    -0.13872731325899368
  ],
  "mu_err_x_reduced": [
    0.046702294067041975
  ],
  "sigma_x_reduced": [
    1.8887434562992498
  ],
  "sigma_err_x_reduced": [
    0.04127943326087857
  ],
  "mu_x_reducedX": [
    -0.1873306497853281
  ],
  "mu_err_x_reducedX": [
    0.03288281952330717
  ],
  "sigma_x_reducedX": [
    1.9205744851955189
  ],
  "sigma_err_x_reducedX": [
    0.03139779720434821
  ],
  "mu_y": [
    0.04523085042140864
  ],
  "mu_err_y": [
    0.026187636755027867
  ],
  "sigma_y": [
    2.3130368104069463
  ],
  "sigma_err_y": [
    0.02486843419890561
  ],
  "mu_y_baseline": [
    -0.027323889029239625
  ],
  "mu_err_y_baseline": [
    0.029544012781780513
  ],
  "sigma_y_baseline": [
    2.284509750136956
  ],
  "sigma_err_y_baseline": [
    0.02822938958584542
  ],
  "mu_y_baseliney": [
    -0.03887249513503314
  ],
  "mu_err_y_baseliney": [
    0.026661392864062546
  ],
  "sigma_y_baseliney": [
    2.293913762946255
  ],
  "sigma_err_y_baseliney": [
    0.025244608848721484
  ],
  "mu_y_reduced": [
    0.496852147857146
  ],
  "mu_err_y_reduced": [
    0.048417431074280516
  ],
  "sigma_y_reduced": [
    2.2191904602173835
  ],
  "sigma_err_y_reduced": [
    0.03986232917660448
  ],
  "mu_y_reducedy": [
    0.3741428280343141
  ],
  "mu_err_y_reducedy": [
    0.034255093027398674
  ],
  "sigma_y_reducedy": [
    2.2346322347214063
  ],
  "sigma_err_y_reducedy": [
    0.02910343904893864
  ]
}